global_step,mean_reward,mean_entropy,episode_count,total_steps,policy_loss,value_loss,entropy_loss,approx_kl,clip_fraction,rollout,lr
2048,1310.0752654397834,5.675754070281982,4,4096,-0.01706371402833611,370.6471368789673,-5.674251954257488,0.0054250328852425865,0.0677490234375,0,0.0001
4096,1238.3311789773043,5.666239261627197,4,4096,-0.01282987572485581,293.03778169155123,-5.6643452905118465,0.004538875267780895,0.05078125,1,9.959016393442624e-05
6144,1436.3540956036384,5.658996105194092,4,4096,-0.016767950853682122,343.3254981994629,-5.665479737520218,0.006754804280535609,0.0874267578125,2,9.918032786885247e-05
8192,1426.015739273119,5.667899131774902,4,4096,-0.014832779820426367,386.09885969161985,-5.65861721932888,0.006264053245649848,0.077490234375,3,9.87704918032787e-05
10240,1218.6183259766824,5.6406097412109375,4,4096,-0.012696951435646042,285.20121626853944,-5.638945177197456,0.006158873335516546,0.074365234375,4,9.836065573770493e-05
12288,1362.3537186278272,5.6314592361450195,4,4096,-0.011450383768533356,332.6396363735199,-5.637260845303535,0.007323597383219749,0.096923828125,5,9.795081967213115e-05
14336,1508.2487763161823,5.635653495788574,4,4096,-0.011904424257954816,358.29046802520753,-5.638750407844782,0.007770537039505143,0.103759765625,6,9.754098360655737e-05
16384,1466.2382322437809,5.632463455200195,4,4096,-0.010166938815382309,331.6658863067627,-5.640523911267519,0.00897142212415929,0.1247802734375,7,9.713114754098361e-05
18432,1502.3500446255532,5.640449047088623,4,4096,-0.005223648821265669,318.0268234014511,-5.653595104813576,0.008751468424816267,0.120361328125,8,9.672131147540983e-05
20480,1232.3881443970135,5.663651943206787,4,4096,-0.0035027575024287215,251.50294411182404,-5.677174375206232,0.007724909582248074,0.1003173828125,9,9.631147540983607e-05
22528,1215.194940213937,5.689654350280762,5,4096,-0.0025785502781218383,297.77717072963713,-5.706750797480344,0.007752812769831507,0.1027587890625,10,9.59016393442623e-05
24576,1339.4324201178993,5.720763206481934,4,4096,-0.0004331279036705382,265.99733715057374,-5.734836030751467,0.007677402551780688,0.098681640625,11,9.549180327868853e-05
26624,1332.7000468351503,5.7457170486450195,4,4096,-0.0016150212606589776,241.36780309677124,-5.750555089116096,0.008179164178000065,0.110498046875,12,9.508196721311476e-05
28672,957.8409805372087,5.751262664794922,5,4096,-0.0012089952229871414,183.94668560028077,-5.766820815205574,0.008217811772192362,0.11201171875,13,9.467213114754099e-05
30720,1202.2816210327214,5.780701637268066,4,4096,-0.001639865139441099,228.96381344795228,-5.7918471463024614,0.006810715335450368,0.08212890625,14,9.426229508196722e-05
32768,854.160953016639,5.801346302032471,5,4096,-0.0015191193975624627,171.08708211183549,-5.817378877103328,0.007314816861253348,0.09365234375,15,9.385245901639344e-05
34816,1314.3548826179601,5.830384254455566,4,4096,0.0029980705032357944,198.734078001976,-5.851020036637783,0.008568361046127394,0.1179443359375,16,9.344262295081968e-05
36864,1331.909895128857,5.868269920349121,4,4096,0.0006738837197190151,228.40229353904724,-5.87570196390152,0.007936588366283104,0.1062744140625,17,9.30327868852459e-05
38912,1150.4309757973958,5.880922794342041,4,4096,0.00019403314217925072,191.30169456005098,-5.894654941558838,0.007090855126807583,0.0893798828125,18,9.262295081967214e-05
40960,1155.3993519270068,5.908548831939697,4,4096,0.0012020272712106816,164.5872318983078,-5.930617673695087,0.00832287147277384,0.112060546875,19,9.221311475409836e-05
43008,794.0933596644405,5.95115327835083,4,4096,-0.0020644022471969945,146.19522379636766,-5.959897375851869,0.008023680316182436,0.104296875,20,9.18032786885246e-05
45056,1152.8515419418914,5.964395046234131,4,4096,-0.0033713970401649954,178.492425801993,-5.9698087405458935,0.009825474957760177,0.13672830073349634,21,9.139344262295082e-05
47104,857.1507704300477,5.967830657958984,4,4096,-0.007714290632819286,150.48584046026673,-5.968498003603232,0.010185949871260109,0.13415404040404041,22,9.098360655737706e-05
49152,935.2870459433093,5.967766761779785,4,4096,-0.004877849932639829,142.84892236032795,-5.967222882855323,0.008546613092954842,0.10660282258064516,23,9.05737704918033e-05
51200,702.5950375023915,5.966445446014404,4,4096,-0.008584897539445331,130.22896532331194,-5.965684972490583,0.010473015305719206,0.13660714285714284,24,9.016393442622952e-05
53248,733.8750956301092,5.964903831481934,4,4096,-0.008669070856169213,118.63698364967523,-5.9640359102293505,0.012122517873987902,0.14970930232558138,25,8.975409836065574e-05
55296,735.4043806338208,5.962706565856934,4,4096,-0.006418003026267578,110.56548098860115,-5.961942705614813,0.011555499124244369,0.14493534482758622,26,8.934426229508197e-05
57344,808.9647937220514,5.961004257202148,4,4096,-0.003624647855758667,97.4927749633789,-5.95990701675415,0.013692958317697047,0.18,27,8.89344262295082e-05
59392,636.6856282602918,5.958510875701904,5,4096,-0.010834044218063355,95.78957926432291,-5.957323964436849,0.014616338536143303,0.19583333333333333,28,8.852459016393443e-05
61440,695.4122736904983,5.955744743347168,5,4096,-0.0018381638219580054,108.78064107894897,-5.954562127590179,0.014901079062838107,0.2021484375,29,8.811475409836066e-05
63488,633.0138376161934,5.95339298248291,5,4096,0.013752672200401625,108.2212643093533,-5.952801280551487,0.01692131306562159,0.24131944444444445,30,8.770491803278689e-05
65536,691.0405088129562,5.951999664306641,5,4096,0.07571595162153244,116.9966049194336,-5.951999664306641,0.028311707079410553,0.234375,31,8.729508196721312e-05
67584,636.7171862404891,5.951842308044434,5,4096,0.004014415835792368,102.51630956476384,-5.951059168035334,0.016339895061471245,0.2372159090909091,32,8.688524590163935e-05
69632,528.4215265025539,5.950021743774414,5,4096,0.0286240354180336,110.38021850585938,-5.950021743774414,0.025461092591285706,0.265625,33,8.647540983606559e-05
71680,640.4044958041226,5.9498372077941895,5,4096,0.052117448300123215,98.33432006835938,-5.9498372077941895,0.02875876985490322,0.328125,34,8.606557377049181e-05
73728,741.4478986711783,5.949647903442383,5,4096,0.028953976929187775,110.18138122558594,-5.949647903442383,0.035214900970458984,0.375,35,8.565573770491803e-05
75776,641.9427714952099,5.9494781494140625,5,4096,0.028748256464799244,108.33470916748047,-5.949294408162435,0.020186524217327435,0.2552083333333333,36,8.524590163934427e-05
77824,644.963678076411,5.948920726776123,5,4096,0.03381982445716858,102.36601257324219,-5.948920726776123,0.02843494340777397,0.359375,37,8.483606557377049e-05
79872,664.75115171742,5.9487152099609375,5,4096,0.02351769929130872,100.28462982177734,-5.948514461517334,0.021457526211937267,0.2760416666666667,38,8.442622950819672e-05
81920,667.5318205016891,5.948100566864014,5,4096,0.041999220848083496,73.67161560058594,-5.948100566864014,0.025258133187890053,0.359375,39,8.401639344262295e-05
83968,592.1376867014677,5.947868824005127,6,4096,0.0674377828836441,99.05548095703125,-5.947868824005127,0.03551053628325462,0.328125,40,8.360655737704919e-05
86016,614.17029874467,5.947638988494873,5,4096,0.011518329381942749,93.38934326171875,-5.947285294532776,0.019547330681234598,0.25390625,41,8.319672131147541e-05
88064,682.9160144249715,5.946708679199219,5,4096,0.023125764603416126,92.87933603922527,-5.946478366851807,0.021994026998678844,0.2552083333333333,42,8.278688524590165e-05
90112,584.9878153508533,5.946024417877197,6,4096,0.0007914504302399499,129.48601531982422,-5.945446695600237,0.01982123591005802,0.265625,43,8.237704918032787e-05
92160,643.0898392573705,5.944721221923828,5,4096,0.06311019510030746,131.22808837890625,-5.944721221923828,0.03603677079081535,0.359375,44,8.19672131147541e-05
94208,606.4446427403129,5.944525241851807,5,4096,0.04320523142814636,81.73860168457031,-5.944525241851807,0.026279855519533157,0.328125,45,8.155737704918032e-05
96256,692.7123700279495,5.944346904754639,5,4096,0.04788471758365631,87.24459838867188,-5.944346904754639,0.04153177887201309,0.265625,46,8.114754098360656e-05
98304,723.1283588471163,5.944164276123047,5,4096,0.02460160106420517,73.73661804199219,-5.944164276123047,0.0268710944801569,0.359375,47,8.073770491803278e-05
100352,708.7018533109178,5.943974018096924,5,4096,0.04723872244358063,133.58673095703125,-5.943974018096924,0.02635909989476204,0.28125,48,8.032786885245902e-05
102400,634.3348262607535,5.943785667419434,5,4096,0.008776139467954636,110.46784973144531,-5.943785667419434,0.024460572749376297,0.328125,49,7.991803278688526e-05
104448,661.6290185750242,5.943595886230469,5,4096,0.028114408254623413,80.99608612060547,-5.943595886230469,0.028663652017712593,0.28125,50,7.950819672131148e-05
106496,648.9824772126569,5.94342041015625,5,4096,0.059802547097206116,108.53923034667969,-5.94342041015625,0.03232991695404053,0.28125,51,7.90983606557377e-05
108544,610.4670838113605,5.943238258361816,5,4096,0.027486499398946762,89.93659973144531,-5.943238258361816,0.027217164635658264,0.375,52,7.868852459016394e-05
110592,601.07594577588,5.943037986755371,5,4096,0.003802906721830368,62.696292877197266,-5.943037986755371,0.032218676060438156,0.296875,53,7.827868852459018e-05
112640,670.8793097770825,5.942831039428711,5,4096,0.0178721621632576,87.91738510131836,-5.942724704742432,0.025570688769221306,0.296875,54,7.78688524590164e-05
114688,562.5616264477012,5.942386627197266,6,4096,0.005879119038581848,79.20008850097656,-5.942386627197266,0.03389034792780876,0.390625,55,7.745901639344263e-05
116736,636.8767061475928,5.942154884338379,6,4096,0.011910773813724518,110.25774383544922,-5.942154884338379,0.028407715260982513,0.359375,56,7.704918032786885e-05
118784,573.5402980320886,5.941931247711182,5,4096,0.07499021291732788,85.33621215820312,-5.941931247711182,0.028683045879006386,0.25,57,7.663934426229509e-05
120832,603.9506268050292,5.9417009353637695,6,4096,0.06417390704154968,95.69602966308594,-5.9417009353637695,0.03560955822467804,0.296875,58,7.622950819672132e-05
122880,660.1648575726348,5.941472053527832,5,4096,0.05675043165683746,127.88504791259766,-5.941472053527832,0.0411011204123497,0.296875,59,7.581967213114755e-05
124928,570.6593293155147,5.941253185272217,6,4096,0.10963251441717148,117.28214263916016,-5.941253185272217,0.05180046707391739,0.328125,60,7.540983606557377e-05
126976,617.2214273555139,5.9410319328308105,6,4096,0.015658676624298096,82.61453247070312,-5.9410319328308105,0.033003635704517365,0.3125,61,7.500000000000001e-05
129024,711.3436212040696,5.940806865692139,5,4096,0.050618670880794525,49.44739532470703,-5.940806865692139,0.024416159838438034,0.296875,62,7.459016393442624e-05
131072,646.2724721737343,5.940595626831055,5,4096,0.13399405777454376,87.96336364746094,-5.940595626831055,0.07785402238368988,0.375,63,7.418032786885247e-05
133120,599.0728457837014,5.940373420715332,6,4096,0.0951487123966217,113.53900146484375,-5.940373420715332,0.04183529317378998,0.359375,64,7.377049180327869e-05
135168,635.227064790304,5.94016170501709,6,4096,0.011111736297607422,103.53934478759766,-5.940061092376709,0.025147518143057823,0.2265625,65,7.336065573770491e-05
137216,630.4955397041488,5.939750671386719,6,4096,0.11793705075979233,146.34310913085938,-5.939750671386719,0.05302709341049194,0.484375,66,7.295081967213115e-05
139264,567.3157681389443,5.939537048339844,6,4096,0.0739082396030426,82.82081604003906,-5.939537048339844,0.03774239867925644,0.4375,67,7.254098360655738e-05
141312,656.4396899070356,5.939306735992432,6,4096,0.039330437779426575,107.50946044921875,-5.939306735992432,0.044044043868780136,0.296875,68,7.213114754098361e-05
143360,561.5367957260785,5.939092636108398,6,4096,0.07081861793994904,102.42073059082031,-5.939092636108398,0.04956940561532974,0.4375,69,7.172131147540984e-05
145408,620.1200936051122,5.938878059387207,6,4096,0.02979317680001259,84.89561462402344,-5.938878059387207,0.024749644100666046,0.28125,70,7.131147540983607e-05
147456,654.4439584414367,5.938663005828857,6,4096,0.05655217915773392,119.59785461425781,-5.938663005828857,0.05233004689216614,0.234375,71,7.090163934426231e-05
149504,627.1440318751155,5.938450813293457,6,4096,0.046004682779312134,105.2081069946289,-5.938450813293457,0.03788195550441742,0.359375,72,7.049180327868853e-05
151552,583.1304939632273,5.9382500648498535,6,4096,0.08103637397289276,45.492279052734375,-5.9382500648498535,0.03647495061159134,0.359375,73,7.008196721311476e-05
153600,672.4405822426985,5.938041687011719,6,4096,0.07075990736484528,77.55955505371094,-5.938041687011719,0.08468671888113022,0.515625,74,6.967213114754098e-05
155648,740.0461710177411,5.937843322753906,5,4096,0.09924377501010895,79.25975799560547,-5.937843322753906,0.04334694892168045,0.390625,75,6.926229508196722e-05
157696,666.7350443378658,5.937641620635986,6,4096,0.08829288184642792,101.50104522705078,-5.937641620635986,0.06935088336467743,0.328125,76,6.885245901639344e-05
159744,647.0026561175716,5.937429904937744,6,4096,0.10188882797956467,103.03468322753906,-5.937429904937744,0.03833136707544327,0.359375,77,6.844262295081967e-05
161792,660.1456877893285,5.937191486358643,6,4096,0.041234999895095825,64.56736755371094,-5.937191486358643,0.042194150388240814,0.390625,78,6.80327868852459e-05
163840,592.785488184243,5.936962127685547,5,4096,0.08405667543411255,93.0353012084961,-5.936962127685547,0.05226043239235878,0.359375,79,6.762295081967214e-05
165888,712.8564759797131,5.936734199523926,6,4096,0.10243043303489685,86.0481185913086,-5.936734199523926,0.0695972740650177,0.421875,80,6.721311475409838e-05
167936,518.836791385599,5.936517715454102,6,4096,0.024216044694185257,83.8036117553711,-5.936517715454102,0.033166587352752686,0.34375,81,6.68032786885246e-05
169984,650.3213532354953,5.936304092407227,6,4096,0.028440602123737335,121.44271850585938,-5.936304092407227,0.02841075323522091,0.28125,82,6.639344262295082e-05
172032,695.6196575037911,5.936099052429199,6,4096,0.04795323684811592,84.8690185546875,-5.936099052429199,0.05112220719456673,0.4375,83,6.598360655737705e-05
174080,547.4247976524213,5.9358930587768555,6,4096,0.05815232917666435,96.39482116699219,-5.9358930587768555,0.047979485243558884,0.390625,84,6.557377049180328e-05
176128,604.7166073231152,5.935705184936523,6,4096,0.0049744173884391785,115.37800598144531,-5.935705184936523,0.04846692830324173,0.34375,85,6.516393442622951e-05
178176,550.749025849287,5.935515403747559,6,4096,0.02636893466114998,89.36061096191406,-5.935515403747559,0.057684268802404404,0.40625,86,6.475409836065573e-05
180224,614.6613750448236,5.935303211212158,6,4096,0.06650441884994507,113.1497573852539,-5.935303211212158,0.04945473372936249,0.40625,87,6.434426229508197e-05
182272,622.1036771471349,5.935079574584961,6,4096,0.011027123779058456,107.05311584472656,-5.935079574584961,0.026798361912369728,0.34375,88,6.39344262295082e-05
184320,539.4710434842106,5.934856414794922,6,4096,0.034956879913806915,112.84689331054688,-5.934856414794922,0.031456053256988525,0.421875,89,6.352459016393443e-05
186368,564.9490025339366,5.934639930725098,6,4096,0.05505257472395897,92.91792297363281,-5.934639930725098,0.04748062044382095,0.390625,90,6.311475409836065e-05
188416,566.3857645155607,5.934412002563477,6,4096,0.030485760420560837,68.99190521240234,-5.934412002563477,0.06043696776032448,0.34375,91,6.270491803278689e-05
190464,659.7942794279959,5.934172630310059,6,4096,0.04347619414329529,71.51133728027344,-5.934172630310059,0.07796754688024521,0.515625,92,6.229508196721313e-05
192512,565.4851376422973,5.93394660949707,6,4096,0.000326450914144516,109.3958740234375,-5.93394660949707,0.0283946692943573,0.296875,93,6.188524590163935e-05
194560,588.2602958724951,5.93372106552124,6,4096,0.0754057765007019,105.6478271484375,-5.93372106552124,0.04787667095661163,0.359375,94,6.147540983606557e-05
196608,663.6376492274348,5.933496475219727,6,4096,0.0738321915268898,83.25355529785156,-5.933496475219727,0.08034656941890717,0.5,95,6.10655737704918e-05
198656,666.5141704649146,5.933263301849365,5,4096,0.06628958880901337,82.39595031738281,-5.933263301849365,0.05595773458480835,0.359375,96,6.0655737704918034e-05
200704,554.1507963470629,5.933017730712891,6,4096,0.03893463686108589,85.69564056396484,-5.933017730712891,0.06536512076854706,0.4375,97,6.024590163934427e-05
202752,644.2422120561442,5.932766914367676,6,4096,0.10434554517269135,72.26359558105469,-5.932766914367676,0.09591683000326157,0.421875,98,5.9836065573770495e-05
204800,625.3297485293896,5.932521820068359,6,4096,0.06635111570358276,101.55252838134766,-5.932521820068359,0.04778904467821121,0.421875,99,5.942622950819672e-05
206848,567.441488566651,5.932281017303467,6,4096,0.12829941511154175,84.80961608886719,-5.932281017303467,0.10308277606964111,0.5,100,5.9016393442622956e-05
208896,618.9442150982269,5.932039260864258,6,4096,0.005772117525339127,130.03826904296875,-5.932039260864258,0.045496292412281036,0.453125,101,5.8606557377049186e-05
210944,618.1604983586423,5.931804180145264,6,4096,0.0906335785984993,74.1948013305664,-5.931804180145264,0.06753510981798172,0.4375,102,5.819672131147541e-05
212992,535.5688472569633,5.931576728820801,6,4096,0.049006279557943344,117.19200134277344,-5.931576728820801,0.05077410116791725,0.46875,103,5.778688524590163e-05
215040,623.6059842364149,5.931358814239502,6,4096,0.13192307949066162,84.28089904785156,-5.931358814239502,0.09755349159240723,0.5,104,5.737704918032787e-05
217088,580.7001034082208,5.931134223937988,6,4096,0.08558175712823868,74.79742431640625,-5.931134223937988,0.061405979096889496,0.46875,105,5.69672131147541e-05
219136,609.9916972829759,5.930911064147949,6,4096,0.021962208673357964,58.03179931640625,-5.930911064147949,0.0778706893324852,0.515625,106,5.655737704918034e-05
221184,551.2465980554374,5.930682182312012,6,4096,0.0842021182179451,86.96525573730469,-5.930682182312012,0.06474991887807846,0.421875,107,5.614754098360656e-05
223232,579.7282863019948,5.930444717407227,6,4096,0.076616570353508,73.98563385009766,-5.930444717407227,0.10254085808992386,0.515625,108,5.5737704918032785e-05
225280,647.7730762155627,5.930201530456543,6,4096,0.1078520268201828,95.88838195800781,-5.930201530456543,0.059792689979076385,0.390625,109,5.532786885245902e-05
227328,605.4668971008853,5.929961204528809,6,4096,0.06460967659950256,112.5686264038086,-5.929961204528809,0.06396567821502686,0.40625,110,5.491803278688525e-05
229376,530.5632487722854,5.929722785949707,6,4096,0.060291871428489685,70.71397399902344,-5.929722785949707,0.06495989859104156,0.484375,111,5.4508196721311476e-05
231424,638.315488841957,5.929480075836182,6,4096,0.12488307058811188,82.61463928222656,-5.929480075836182,0.08061417937278748,0.46875,112,5.40983606557377e-05
233472,581.8709580123226,5.929235458374023,6,4096,0.14939242601394653,105.42852020263672,-5.929235458374023,0.09666551649570465,0.46875,113,5.3688524590163936e-05
235520,597.8277620222525,5.928985595703125,6,4096,0.06746269762516022,74.76332092285156,-5.928985595703125,0.07288270443677902,0.5,114,5.327868852459017e-05
237568,659.0599888245478,5.928733825683594,6,4096,0.04240021854639053,97.53782653808594,-5.928733825683594,0.09240254759788513,0.46875,115,5.28688524590164e-05
239616,593.1314093104346,5.928490161895752,6,4096,0.060432855039834976,127.22730255126953,-5.928490161895752,0.03341883793473244,0.375,116,5.245901639344263e-05
241664,617.1134241723316,5.928256034851074,6,4096,0.04371654614806175,92.67488861083984,-5.928256034851074,0.036891087889671326,0.453125,117,5.204918032786885e-05
243712,560.5872284005944,5.928030967712402,6,4096,0.0683332085609436,86.65306091308594,-5.928030967712402,0.07760022580623627,0.453125,118,5.163934426229509e-05
245760,625.5543391488787,5.927813529968262,6,4096,0.0288286954164505,125.14195251464844,-5.927813529968262,0.0578913688659668,0.421875,119,5.122950819672132e-05
247808,609.964064722767,5.927612781524658,6,4096,0.06452494114637375,111.60404205322266,-5.927612781524658,0.06393644213676453,0.359375,120,5.081967213114754e-05
249856,610.7495098877517,5.927412033081055,6,4096,0.07181669771671295,56.08995056152344,-5.927412033081055,0.07951128482818604,0.5,121,5.0409836065573765e-05
251904,573.9280308670344,5.927203178405762,6,4096,0.03576754778623581,54.185935974121094,-5.927203178405762,0.06387507915496826,0.484375,122,5e-05
253952,645.5738744939107,5.926994323730469,6,4096,0.05126233398914337,91.3061752319336,-5.926994323730469,0.046156927943229675,0.5,123,4.959016393442624e-05
256000,603.350204002597,5.926799774169922,6,4096,0.06028176099061966,91.3956298828125,-5.926799774169922,0.08087053149938583,0.546875,124,4.918032786885246e-05
258048,539.4783985102358,5.92661190032959,6,4096,0.0824148952960968,94.10616302490234,-5.92661190032959,0.0771966427564621,0.515625,125,4.877049180327869e-05
260096,629.9256546089076,5.926430702209473,6,4096,0.09504343569278717,82.7996597290039,-5.926430702209473,0.09268416464328766,0.515625,126,4.836065573770492e-05
262144,628.0392357234587,5.92624044418335,6,4096,0.12974855303764343,86.69873046875,-5.92624044418335,0.08537082374095917,0.484375,127,4.7950819672131154e-05
264192,535.8488932287386,5.926050662994385,6,4096,0.12200994789600372,124.6993179321289,-5.926050662994385,0.06533446162939072,0.421875,128,4.754098360655738e-05
266240,530.5212924463987,5.925853252410889,6,4096,0.08179251104593277,67.90501403808594,-5.925853252410889,0.11901097744703293,0.5,129,4.713114754098361e-05
268288,556.7553410885217,5.9256486892700195,6,4096,0.07573005557060242,67.54881286621094,-5.9256486892700195,0.09658218175172806,0.484375,130,4.672131147540983e-05
270336,517.0063157065904,5.925438404083252,6,4096,0.08433862030506134,83.35791778564453,-5.925438404083252,0.10572008788585663,0.5625,131,4.631147540983607e-05
272384,606.5077205791857,5.9252190589904785,6,4096,0.041467778384685516,79.47477722167969,-5.9252190589904785,0.08009451627731323,0.5625,132,4.590163934426229e-05
274432,541.0485323454752,5.9250078201293945,7,4096,0.07374395430088043,103.60137939453125,-5.9250078201293945,0.06741736829280853,0.515625,133,4.549180327868853e-05
276480,599.6847262299668,5.924796104431152,6,4096,0.01823045313358307,120.36027526855469,-5.924796104431152,0.06853850185871124,0.46875,134,4.508196721311475e-05
278528,566.4176604957414,5.924595355987549,6,4096,0.14133904874324799,92.39420318603516,-5.924595355987549,0.09678435325622559,0.46875,135,4.467213114754098e-05
280576,609.892016062663,5.924398422241211,6,4096,0.15363173186779022,74.62184143066406,-5.924398422241211,0.1477876752614975,0.515625,136,4.426229508196722e-05
282624,503.3528136497293,5.924191474914551,6,4096,0.07107793539762497,91.65493774414062,-5.924191474914551,0.09157019853591919,0.546875,137,4.3852459016393444e-05
284672,601.9646052745762,5.923981666564941,6,4096,0.060779016464948654,81.71842193603516,-5.923981666564941,0.08229853212833405,0.5625,138,4.344262295081968e-05
286720,604.9202396725146,5.923781394958496,6,4096,0.20619970560073853,90.12889099121094,-5.923781394958496,0.13703520596027374,0.4375,139,4.3032786885245904e-05
288768,589.374586169941,5.923582077026367,6,4096,0.0761462077498436,126.05400848388672,-5.923582077026367,0.12727892398834229,0.46875,140,4.2622950819672135e-05
290816,505.0060068439124,5.9233927726745605,6,4096,0.09221674501895905,103.38546752929688,-5.9233927726745605,0.10424268245697021,0.5625,141,4.221311475409836e-05
292864,533.635031774368,5.9232048988342285,6,4096,0.16149607300758362,118.90339660644531,-5.9232048988342285,0.12580513954162598,0.5625,142,4.1803278688524595e-05
294912,504.42515090718615,5.9230241775512695,6,4096,0.09105485677719116,108.66981506347656,-5.9230241775512695,0.13800963759422302,0.4375,143,4.139344262295082e-05
296960,608.0862366608233,5.922845840454102,6,4096,0.08972993493080139,95.59626007080078,-5.922845840454102,0.16283157467842102,0.625,144,4.098360655737705e-05
299008,592.1015920177907,5.92267370223999,6,4096,0.054598089307546616,73.24972534179688,-5.92267370223999,0.09025995433330536,0.53125,145,4.057377049180327e-05
301056,577.021026102982,5.922512531280518,6,4096,0.15182799100875854,102.26820373535156,-5.922512531280518,0.11413584649562836,0.453125,146,4.016393442622951e-05
303104,482.3499218691716,5.922343730926514,6,4096,0.08514566719532013,82.7464599609375,-5.922343730926514,0.1051236242055893,0.53125,147,3.975409836065575e-05
305152,563.972116485729,5.92218017578125,6,4096,0.0221102237701416,119.63223266601562,-5.92218017578125,0.0944516509771347,0.53125,148,3.934426229508197e-05
307200,551.0846620993722,5.9220170974731445,6,4096,0.09333942830562592,123.77041625976562,-5.9220170974731445,0.1166982501745224,0.578125,149,3.89344262295082e-05
309248,537.0181295518207,5.921856880187988,7,4096,0.27697503566741943,106.7076644897461,-5.921856880187988,0.2446138560771942,0.6875,150,3.8524590163934424e-05
311296,493.69913441397625,5.921693325042725,6,4096,0.06669706851243973,196.26620483398438,-5.921693325042725,0.10355685651302338,0.609375,151,3.811475409836066e-05
313344,545.5895236131705,5.921531677246094,6,4096,0.042252376675605774,171.3423309326172,-5.921531677246094,0.09353014081716537,0.578125,152,3.7704918032786885e-05
315392,567.136073076442,5.921378135681152,6,4096,0.37247076630592346,95.13714599609375,-5.921378135681152,0.2628985047340393,0.65625,153,3.729508196721312e-05
317440,516.1410417209399,5.921219825744629,6,4096,0.0693097710609436,66.84292602539062,-5.921219825744629,0.10208165645599365,0.578125,154,3.6885245901639346e-05
319488,605.3550483135309,5.921075820922852,6,4096,0.14012037217617035,92.18157196044922,-5.921075820922852,0.131729394197464,0.578125,155,3.6475409836065576e-05
321536,566.97911681681,5.920932292938232,6,4096,0.0796392485499382,74.86641693115234,-5.920932292938232,0.10221363604068756,0.5625,156,3.60655737704918e-05
323584,566.3109426501541,5.9207916259765625,6,4096,0.12768641114234924,100.69207763671875,-5.9207916259765625,0.11185881495475769,0.46875,157,3.5655737704918037e-05
325632,528.5525934226822,5.920657634735107,6,4096,0.12602457404136658,113.14044952392578,-5.920657634735107,0.11426632851362228,0.53125,158,3.524590163934426e-05
327680,529.0797776344978,5.920524597167969,6,4096,0.024020470678806305,75.4754638671875,-5.920524597167969,0.1171775534749031,0.6875,159,3.483606557377049e-05
329728,522.9633496429817,5.920391082763672,6,4096,0.22050154209136963,65.6587142944336,-5.920391082763672,0.24171289801597595,0.65625,160,3.442622950819673e-05
331776,609.4192189340498,5.9202494621276855,6,4096,0.14833518862724304,95.1478271484375,-5.9202494621276855,0.15771375596523285,0.640625,161,3.401639344262295e-05
333824,598.9832767406211,5.920113563537598,6,4096,0.19641856849193573,94.00228881835938,-5.920113563537598,0.3061506152153015,0.625,162,3.360655737704919e-05
335872,574.1588730477525,5.919971942901611,6,4096,0.21540147066116333,85.26141357421875,-5.919971942901611,0.17969882488250732,0.5625,163,3.319672131147541e-05
337920,595.6407927683656,5.919827938079834,6,4096,0.41788777709007263,95.33219909667969,-5.919827938079834,0.21477340161800385,0.6875,164,3.278688524590164e-05
339968,629.3710864960614,5.919669151306152,6,4096,0.09880971908569336,63.96479797363281,-5.919669151306152,0.1562361866235733,0.765625,165,3.2377049180327866e-05
342016,602.0136691507743,5.919510841369629,6,4096,0.13182544708251953,88.2892837524414,-5.919510841369629,0.17116916179656982,0.625,166,3.19672131147541e-05
344064,547.6421751513756,5.919354438781738,7,4096,0.2596714198589325,91.01284790039062,-5.919354438781738,0.2086191624403,0.671875,167,3.1557377049180326e-05
346112,603.7427120827709,5.919201374053955,6,4096,0.042367883026599884,64.42639923095703,-5.919201374053955,0.12126554548740387,0.578125,168,3.114754098360656e-05
348160,590.8056487047692,5.919057846069336,6,4096,0.16245371103286743,101.94412231445312,-5.919057846069336,0.11928165704011917,0.546875,169,3.073770491803279e-05
350208,543.9013668103756,5.918923854827881,6,4096,0.30543053150177,65.4631576538086,-5.918923854827881,0.2098855823278427,0.609375,170,3.0327868852459017e-05
352256,540.2977640710709,5.918801307678223,7,4096,0.154462069272995,84.77154541015625,-5.918801307678223,0.1814265251159668,0.625,171,2.9918032786885254e-05
354304,550.2745256127647,5.918684482574463,6,4096,0.17785771191120148,143.05581665039062,-5.918684482574463,0.14434674382209778,0.5625,172,2.9508196721311478e-05
356352,588.6322088055516,5.918566703796387,6,4096,0.016452878713607788,88.98715209960938,-5.918566703796387,0.09004569798707962,0.5,173,2.909836065573771e-05
358400,586.7315176992353,5.91845703125,6,4096,0.12186134606599808,86.50630187988281,-5.91845703125,0.1729401797056198,0.5625,174,2.8688524590163935e-05
360448,588.5584007628303,5.918349266052246,6,4096,0.5853644609451294,99.02018737792969,-5.918349266052246,0.36297622323036194,0.625,175,2.827868852459017e-05
362496,579.8741730492238,5.918242454528809,6,4096,0.19357489049434662,100.62167358398438,-5.918242454528809,0.28168293833732605,0.625,176,2.7868852459016392e-05
364544,609.8091117415937,5.918132781982422,6,4096,0.5318118929862976,111.25094604492188,-5.918132781982422,0.3225249648094177,0.59375,177,2.7459016393442626e-05
366592,612.7480472404931,5.918027877807617,6,4096,0.14673280715942383,99.70166015625,-5.918027877807617,0.18220800161361694,0.6875,178,2.704918032786885e-05
368640,588.2046296355169,5.917923927307129,6,4096,0.16918115317821503,85.6755599975586,-5.917923927307129,0.18899333477020264,0.59375,179,2.6639344262295087e-05
370688,571.5821651292778,5.917818069458008,6,4096,0.05337967723608017,80.2996826171875,-5.917818069458008,0.12719810009002686,0.515625,180,2.622950819672131e-05
372736,493.20203302381924,5.9177141189575195,7,4096,0.0871470645070076,58.98645782470703,-5.9177141189575195,0.10658152401447296,0.5625,181,2.5819672131147544e-05
374784,530.7209324717128,5.917611122131348,7,4096,0.0461275652050972,50.08869934082031,-5.917611122131348,0.1731041967868805,0.578125,182,2.5409836065573767e-05
376832,556.4198241647554,5.917515754699707,7,4096,0.1965816617012024,83.96742248535156,-5.917515754699707,0.17756330966949463,0.640625,183,2.5e-05
378880,587.7502831309963,5.917423725128174,6,4096,0.09787385910749435,73.02069091796875,-5.917423725128174,0.19072498381137848,0.671875,184,2.4590163934426235e-05
380928,504.3439605030456,5.91733455657959,7,4096,0.1732458770275116,88.95257568359375,-5.91733455657959,0.18436536192893982,0.59375,185,2.418032786885246e-05
382976,593.3344194734817,5.917243957519531,6,4096,0.020534105598926544,64.33129119873047,-5.917243957519531,0.1640383005142212,0.578125,186,2.3770491803278692e-05
385024,517.454654079764,5.917160511016846,6,4096,0.3185560703277588,86.10722351074219,-5.917160511016846,0.42277392745018005,0.6875,187,2.3360655737704916e-05
387072,638.2548915970954,5.9170732498168945,6,4096,0.13832935690879822,73.34178924560547,-5.9170732498168945,0.202127605676651,0.6875,188,2.2950819672131153e-05
389120,620.4560773299614,5.916987419128418,6,4096,0.23323240876197815,81.5230712890625,-5.916987419128418,0.23612834513187408,0.625,189,2.2540983606557376e-05
391168,580.5854117355844,5.916903972625732,6,4096,0.2779909372329712,76.61853790283203,-5.916903972625732,0.22443616390228271,0.53125,190,2.213114754098361e-05
393216,584.8028341528465,5.916816234588623,6,4096,0.08547650277614594,80.248046875,-5.916816234588623,0.18442979454994202,0.625,191,2.1721311475409834e-05
395264,559.2760430313891,5.916730880737305,6,4096,0.07348081469535828,77.52020263671875,-5.916730880737305,0.21832838654518127,0.625,192,2.1311475409836067e-05
397312,565.080367792178,5.916647434234619,6,4096,0.14389969408512115,98.39508819580078,-5.916647434234619,0.13598580658435822,0.578125,193,2.090163934426229e-05
399360,515.9826257454914,5.916563987731934,7,4096,0.10790008306503296,116.2575912475586,-5.916563987731934,0.28082793951034546,0.75,194,2.0491803278688525e-05
401408,565.6519494047872,5.916487693786621,6,4096,0.20346951484680176,125.12310028076172,-5.916487693786621,0.09543227404356003,0.578125,195,2.0081967213114748e-05
403456,566.6122663438912,5.916414260864258,7,4096,0.05967556685209274,101.3951187133789,-5.916414260864258,0.09588868170976639,0.578125,196,1.9672131147540985e-05
405504,593.7253762930003,5.916345119476318,6,4096,0.30433547496795654,45.0184326171875,-5.916345119476318,0.16138187050819397,0.71875,197,1.926229508196722e-05
407552,517.227040756631,5.9162702560424805,7,4096,0.12540358304977417,60.0586051940918,-5.9162702560424805,0.1996048092842102,0.71875,198,1.8852459016393442e-05
409600,471.44222904601327,5.916198253631592,7,4096,0.2345554083585739,62.54021453857422,-5.916198253631592,0.23123368620872498,0.59375,199,1.8442622950819676e-05
411648,562.7710640350177,5.9161248207092285,7,4096,0.1445159614086151,79.47500610351562,-5.9161248207092285,0.19988489151000977,0.6875,200,1.80327868852459e-05
413696,524.6624145072225,5.916049480438232,6,4096,0.07672110944986343,112.67770385742188,-5.916049480438232,0.1109711304306984,0.625,201,1.7622950819672133e-05
415744,529.4904435088102,5.91597843170166,7,4096,0.14629602432250977,93.10414123535156,-5.91597843170166,0.1818239539861679,0.6875,202,1.7213114754098357e-05
417792,564.4054733681735,5.915910720825195,7,4096,0.26147472858428955,83.2605972290039,-5.915910720825195,0.26755446195602417,0.671875,203,1.6803278688524594e-05
419840,569.3358540469836,5.915842056274414,6,4096,0.31180286407470703,63.44504928588867,-5.915842056274414,0.3154289722442627,0.734375,204,1.6393442622950818e-05
421888,506.8488152563396,5.915772438049316,7,4096,0.39683377742767334,99.85590362548828,-5.915772438049316,0.45099613070487976,0.71875,205,1.598360655737705e-05
423936,553.0132579736186,5.915705680847168,7,4096,0.1724720597267151,83.06254577636719,-5.915705680847168,0.23886489868164062,0.625,206,1.5573770491803275e-05
425984,543.5690556200655,5.915640354156494,7,4096,0.04023497551679611,70.14942932128906,-5.915640354156494,0.18274496495723724,0.671875,207,1.5163934426229509e-05
428032,522.2499955015836,5.915581703186035,7,4096,0.20909273624420166,74.0308837890625,-5.915581703186035,0.2714696228504181,0.71875,208,1.4754098360655744e-05
430080,507.9769979118487,5.915520191192627,7,4096,0.1612173318862915,61.47356414794922,-5.915520191192627,0.20217284560203552,0.75,209,1.4344262295081968e-05
432128,517.2131921450185,5.915459156036377,6,4096,0.22203470766544342,109.13776397705078,-5.915459156036377,0.18518772721290588,0.625,210,1.3934426229508201e-05
434176,602.3666405460326,5.915400505065918,6,4096,0.051893413066864014,106.79100036621094,-5.915400505065918,0.11830010265111923,0.640625,211,1.3524590163934425e-05
436224,532.2828676231512,5.915345191955566,6,4096,0.3492058515548706,47.253173828125,-5.915345191955566,0.4006199836730957,0.6875,212,1.311475409836066e-05
438272,505.4088199984605,5.915292739868164,7,4096,0.26870232820510864,91.1409912109375,-5.915292739868164,0.18946483731269836,0.609375,213,1.2704918032786884e-05
440320,590.3331919108731,5.9152421951293945,6,4096,0.08992449939250946,78.8659439086914,-5.9152421951293945,0.16274136304855347,0.625,214,1.2295081967213117e-05
442368,571.3953986069445,5.915194511413574,6,4096,0.17404301464557648,45.68346405029297,-5.915194511413574,0.17618656158447266,0.703125,215,1.1885245901639341e-05
444416,576.7210972843757,5.915150165557861,7,4096,0.05273796617984772,80.88623046875,-5.915150165557861,0.13195499777793884,0.703125,216,1.1475409836065576e-05
446464,535.5778505815694,5.915109157562256,6,4096,0.1717897653579712,65.41990661621094,-5.915109157562256,0.2336181402206421,0.734375,217,1.10655737704918e-05
448512,561.4412603809445,5.915067672729492,6,4096,0.08614713698625565,73.35694885253906,-5.915067672729492,0.16443628072738647,0.625,218,1.0655737704918034e-05
450560,567.5860733726764,5.915027618408203,6,4096,0.6125957369804382,93.42929077148438,-5.915027618408203,0.31392422318458557,0.671875,219,1.0245901639344257e-05
452608,556.5090414299215,5.914992809295654,6,4096,1.199548363685608,73.74739074707031,-5.914992809295654,0.508551299571991,0.640625,220,9.836065573770493e-06
454656,536.7882184967217,5.9149580001831055,6,4096,0.12101257592439651,65.7711181640625,-5.9149580001831055,0.2468682825565338,0.734375,221,9.426229508196726e-06
456704,537.9950251338208,5.914925575256348,7,4096,0.2862410545349121,74.958984375,-5.914925575256348,0.23985831439495087,0.671875,222,9.01639344262295e-06
458752,506.50668389955064,5.914891242980957,7,4096,0.5479701161384583,105.12156677246094,-5.914891242980957,0.6733635663986206,0.65625,223,8.606557377049185e-06
460800,541.5920652260239,5.914857864379883,6,4096,0.6689631938934326,58.10296630859375,-5.914857864379883,0.43739378452301025,0.75,224,8.196721311475409e-06
462848,546.5789027409069,5.914825439453125,6,4096,0.297285795211792,92.17960357666016,-5.914825439453125,0.36234205961227417,0.765625,225,7.786885245901643e-06
464896,544.0484999107653,5.914794445037842,7,4096,0.09941620379686356,104.58245849609375,-5.914794445037842,0.20832960307598114,0.6875,226,7.377049180327866e-06
466944,581.5063629147829,5.914765357971191,7,4096,0.01900416985154152,74.92216491699219,-5.914765357971191,0.17526273429393768,0.609375,227,6.967213114754101e-06
468992,552.0077950132,5.914739608764648,6,4096,0.1247209906578064,77.56509399414062,-5.914739608764648,0.5139678120613098,0.703125,228,6.557377049180324e-06
471040,564.744764534593,5.914716720581055,6,4096,0.132380411028862,58.8544921875,-5.914716720581055,0.3418269157409668,0.671875,229,6.147540983606559e-06
473088,533.445305517845,5.914693832397461,7,4096,0.2981330156326294,94.08968353271484,-5.914693832397461,0.2537481486797333,0.671875,230,5.737704918032782e-06
475136,456.8726657556483,5.914671421051025,6,4096,0.20534086227416992,64.6397705078125,-5.914671421051025,0.2572370171546936,0.640625,231,5.327868852459017e-06
477184,526.2016403935496,5.914649963378906,7,4096,0.2600433826446533,99.24457550048828,-5.914649963378906,0.44316092133522034,0.75,232,4.918032786885251e-06
479232,535.583401928194,5.914630889892578,7,4096,0.28610682487487793,98.44207763671875,-5.914630889892578,0.3632959723472595,0.75,233,4.508196721311475e-06
481280,522.742077683519,5.914613723754883,6,4096,0.15929700434207916,86.50408172607422,-5.914613723754883,0.3055410385131836,0.6875,234,4.0983606557377095e-06
483328,492.9191033443459,5.914597034454346,7,4096,0.33807799220085144,61.390968322753906,-5.914597034454346,0.4600318670272827,0.78125,235,3.688524590163933e-06
485376,549.3240992208733,5.914582252502441,7,4096,0.19222968816757202,62.12676239013672,-5.914582252502441,0.19929589331150055,0.625,236,3.2786885245901676e-06
487424,590.1665108890396,5.914567947387695,6,4096,0.13458137214183807,83.94358825683594,-5.914567947387695,0.16518977284431458,0.703125,237,2.868852459016391e-06
489472,523.8553865313999,5.914556503295898,7,4096,0.37815654277801514,112.36485290527344,-5.914556503295898,0.27772560715675354,0.640625,238,2.4590163934426257e-06
491520,525.2927765921693,5.914546966552734,7,4096,0.3877077102661133,63.87096405029297,-5.914546966552734,0.4206751585006714,0.75,239,2.0491803278688492e-06
493568,631.7778520714896,5.914538383483887,6,4096,0.1076248437166214,62.470672607421875,-5.914538383483887,0.2670033574104309,0.75,240,1.6393442622950838e-06
495616,603.9941173181488,5.914531707763672,6,4096,0.24004410207271576,71.94514465332031,-5.914531707763672,0.28483062982559204,0.8125,241,1.2295081967213073e-06
497664,580.5875941646719,5.91452693939209,7,4096,0.1372327208518982,83.75038146972656,-5.91452693939209,0.1583947092294693,0.5625,242,8.196721311475419e-07
499712,531.5818981847467,5.914524078369141,7,4096,0.2645297646522522,94.99948120117188,-5.914524078369141,0.28832268714904785,0.734375,243,4.098360655737654e-07
